request.url,request.method,request.header.authorization,request.headers.user-agent,request.header.x-api-tran-id,request.header.x-api-type,request.header.x-csrf-token,request.headers.cookie,request.headers.set_cookie,request.headers.content-length,request.body,response.body,response.status,attack.type

http://localhost:4000/api/oauth/2.0/token,POST,,Mozilla/5.0,IA00220250208083443,,,,,579,"""{\""tx_id\"":\""MD_ORG2025002_ORG2025001_RA20250001_CA20250001_20250208083441_XXAB00490000\"",\""org_code\"":\""ORG2025002\"",\""grant_type\"":\""password\"",\""client_id\"":\""ORG2025002-CLIENT-ID\"",\""client_secret\"":\""ORG2025002-CLIENT-SECRET\"",\""ca_code\"":\""RA20250001\"",\""username\"":\""Mjk3MjIz\"",\""request_type\"":\""1\"",\""password_len\"":\""12\"",\""password\"":\""UEFTU1dPUkQ=\"",\""auth_type\"":\""1\"",\""consent_type\"":\""1\"",\""consent_len\"":\""16\"",\""consent\"":\""Y29uc2VudC0wMDI=\"",\""signed_person_info_req_len\"":\""16\"",\""signed_person_info_req\"":\""RGVsbEJhcnRvbg==\"",\""consent_nonce\"":\""D2025886150591475271\"",\""ucpid_nonce\"":\""N2025293588816805454\"",\""cert_tx_id\"":\""202502080834415736a2864fee4e15be6cb977f4\"",\""service_id\"":\""ORG2025002080220250001\""}""","""{\""rsp_code\"":\""0000\"",\""rsp_msg\"":\""Success\"",\""tx_id\"":\""MD_ORG2025002_ORG2025001_RA20250001_CA20250001_20250208083441_XXAB00490000\"",\""token_type\"":\""Bearer\"",\""access_token\"":\""eyJhbGciOiJIUzI1NiIsInR5cCI6IkpXVCJ9.eyJhdWQiOiJPUkcyMDI1MDAyLUNMSUVOVC1JRCIsImp0aSI6IjU2MzhjMmU3LTI3NTAtNDI4My04ZmRjLTAxMzk4N2NkODljYyIsImV4cCI6MTczOTAwNzI4Mywic2NvcGUiOiJpcCIsImlhdCI6MTczOTAwMzY4M30.mVpJZdNXDZtvJNIg-_14brU9-3P931vPanIh8O1Yyig\"",\""expires_in\"":3600,\""refresh_token\"":\""eyJhbGciOiJIUzI1NiIsInR5cCI6IkpXVCJ9.eyJhdWQiOiJPUkcyMDI1MDAyLUNMSUVOVC1JRCIsImp0aSI6ImFkZDRlOGUzLTc4ZWEtNDE2NS1hZmZjLTQ1MmNkNTc5ODhmNyIsImV4cCI6MTczOTA5MDA4Mywic2NvcGUiOiJpcCIsImlhdCI6MTczOTAwMzY4M30.mUtVDeqVdMZS247sXQHOEeYzKJerKYOh8vRLQ7XyJmk\"",\""refresh_token_expires_in\"":86400}""",200,
http://localhost:4000/api/v2/bank/accounts/deposit/detail,POST,Bearer eyJhbGciOiJIUzI1NiIsInR5cCI6IkpXVCJ9.eyJhdWQiOiJPUkcyMDI1MDAyLUNMSUVOVC1JRCIsImp0aSI6IjU2MzhjMmU3LTI3NTAtNDI4My04ZmRjLTAxMzk4N2NkODljYyIsImV4cCI6MTczOTAwNzI4Mywic2NvcGUiOiJpcCIsImlhdCI6MTczOTAwMzY4M30.mVpJZdNXDZtvJNIg-_14brU9-3P931vPanIh8O1Yyig,Mozilla/5.0,ADD0120250208083444,,,,,99,"""{\""org_code\"":\""ORG2025001\"",\""account_num\"":\""2986443218\"",\""next\"":\""0\"",\""search_timestamp\"":\""20250208083444\""}""","""{\""code\"":\""1004\"",\""message\"":\""Invalid or missing x-api-type\""}""",400,SQLi
http://localhost:4000/api/oauth/2.0/token,POST,,Mozilla/5.0,IA00220250208083449,,,,,579,"""{\""tx_id\"":\""MD_ORG2025002_ORG2025001_RA20250002_CA20250001_20250208083446_XXAB00490000\"",\""org_code\"":\""ORG2025002\"",\""grant_type\"":\""password\"",\""client_id\"":\""ORG2025002-CLIENT-ID\"",\""client_secret\"":\""ORG2025002-CLIENT-SECRET\"",\""ca_code\"":\""RA20250002\"",\""username\"":\""ODQ1Mjg3\"",\""request_type\"":\""1\"",\""password_len\"":\""12\"",\""password\"":\""UEFTU1dPUkQ=\"",\""auth_type\"":\""1\"",\""consent_type\"":\""1\"",\""consent_len\"":\""16\"",\""consent\"":\""Y29uc2VudC0wMDI=\"",\""signed_person_info_req_len\"":\""16\"",\""signed_person_info_req\"":\""Q2xhaXJTdGFyaw==\"",\""consent_nonce\"":\""V2025873323818623427\"",\""ucpid_nonce\"":\""F2025819405624822889\"",\""cert_tx_id\"":\""2025020808344611c26b3e5e5a44fbb3b50e2c26\"",\""service_id\"":\""ORG2025002080220250001\""}""","""{\""rsp_code\"":\""0000\"",\""rsp_msg\"":\""Success\"",\""tx_id\"":\""MD_ORG2025002_ORG2025001_RA20250002_CA20250001_20250208083446_XXAB00490000\"",\""token_type\"":\""Bearer\"",\""access_token\"":\""eyJhbGciOiJIUzI1NiIsInR5cCI6IkpXVCJ9.eyJhdWQiOiJPUkcyMDI1MDAyLUNMSUVOVC1JRCIsImp0aSI6Ijc5MGVlYmIwLWE3NTktNGMxNC1hZDM3LWM0YWEyYjhiMzQ4YSIsImV4cCI6MTczOTAwNzI4OSwic2NvcGUiOiJpcCIsImlhdCI6MTczOTAwMzY4OX0._jtPgUZ1m03gRlBQ3ndj0lP1RGSp2KidPLW3z8xTF7U\"",\""expires_in\"":3600,\""refresh_token\"":\""eyJhbGciOiJIUzI1NiIsInR5cCI6IkpXVCJ9.eyJhdWQiOiJPUkcyMDI1MDAyLUNMSUVOVC1JRCIsImp0aSI6ImVjZjVkMjBhLTc5ZjktNGNiZC1iMmM2LTRkM2UwNmUxOTcyMCIsImV4cCI6MTczOTA5MDA4OSwic2NvcGUiOiJpcCIsImlhdCI6MTczOTAwMzY4OX0.BBUewYvJd3cMvJiE1CU_FwASLzPQ0G5G1FJgiM3CYNw\"",\""refresh_token_expires_in\"":86400}""",200,
http://localhost:4000/api/v2/bank/accounts/deposit/basic,POST,Bearer eyJhbGciOiJIUzI1NiIsInR5cCI6IkpXVCJ9.eyJhdWQiOiJPUkcyMDI1MDAyLUNMSUVOVC1JRCIsImp0aSI6Ijc5MGVlYmIwLWE3NTktNGMxNC1hZDM3LWM0YWEyYjhiMzQ4YSIsImV4cCI6MTczOTAwNzI4OSwic2NvcGUiOiJpcCIsImlhdCI6MTczOTAwMzY4OX0._jtPgUZ1m03gRlBQ3ndj0lP1RGSp2KidPLW3z8xTF7U,Mozilla/5.0,ADB0120250208083449,,,,,99,"""{\""org_code\"":\""ORG2025001\"",\""account_num\"":\""9596541580\"",\""next\"":\""0\"",\""search_timestamp\"":\""20250208083449\""}""","""{\""code\"":\""1004\"",\""message\"":\""Invalid or missing x-api-type\""}""",400,
http://localhost:4000/api/oauth/2.0/token,POST,,Mozilla/5.0,IA00220250208083454,,,,,575,"""{\""tx_id\"":\""MD_ORG2025002_ORG2025001_RA20250003_CA20250001_20250208083452_XXAB00490000\"",\""org_code\"":\""ORG2025002\"",\""grant_type\"":\""password\"",\""client_id\"":\""ORG2025002-CLIENT-ID\"",\""client_secret\"":\""ORG2025002-CLIENT-SECRET\"",\""ca_code\"":\""RA20250003\"",\""username\"":\""MjMzMjEz\"",\""request_type\"":\""1\"",\""password_len\"":\""12\"",\""password\"":\""UEFTU1dPUkQ=\"",\""auth_type\"":\""1\"",\""consent_type\"":\""1\"",\""consent_len\"":\""16\"",\""consent\"":\""Y29uc2VudC0wMDI=\"",\""signed_person_info_req_len\"":\""16\"",\""signed_person_info_req\"":\""Q2hyaXN0aW5lS3Vi\"",\""consent_nonce\"":\""B2025811426266122804\"",\""ucpid_nonce\"":\""T2025279783565449236\"",\""cert_tx_id\"":\""202502080834522ffe0c4efee74664beeaf9fa30\"",\""service_id\"":\""ORG2025002080220250001\""}""","""{\""rsp_code\"":\""0000\"",\""rsp_msg\"":\""Success\"",\""tx_id\"":\""MD_ORG2025002_ORG2025001_RA20250003_CA20250001_20250208083452_XXAB00490000\"",\""token_type\"":\""Bearer\"",\""access_token\"":\""eyJhbGciOiJIUzI1NiIsInR5cCI6IkpXVCJ9.eyJhdWQiOiJPUkcyMDI1MDAyLUNMSUVOVC1JRCIsImp0aSI6ImJkNTQ2OTI0LTA3YWUtNGU3NS04MTlmLTg4ZWJmMjFkMTg0YSIsImV4cCI6MTczOTAwNzI5NCwic2NvcGUiOiJpcCIsImlhdCI6MTczOTAwMzY5NH0.An7W0W4ga99ronlaXUEdbqFxQR_We2L21eELGwN5IS4\"",\""expires_in\"":3600,\""refresh_token\"":\""eyJhbGciOiJIUzI1NiIsInR5cCI6IkpXVCJ9.eyJhdWQiOiJPUkcyMDI1MDAyLUNMSUVOVC1JRCIsImp0aSI6IjYyMmQ4MzdiLTdlMjItNDAyYS05ZDViLWE3MmQ5ZGQ2MjQyZCIsImV4cCI6MTczOTA5MDA5NCwic2NvcGUiOiJpcCIsImlhdCI6MTczOTAwMzY5NH0.o835WUCaWJpVX907Sn8KGQPeeTSMUl4MLcPyKn3hnnU\"",\""refresh_token_expires_in\"":86400}""",200,
http://localhost:4000/api/v2/bank/accounts/deposit/basic,POST,Bearer eyJhbGciOiJIUzI1NiIsInR5cCI6IkpXVCJ9.eyJhdWQiOiJPUkcyMDI1MDAyLUNMSUVOVC1JRCIsImp0aSI6ImJkNTQ2OTI0LTA3YWUtNGU3NS04MTlmLTg4ZWJmMjFkMTg0YSIsImV4cCI6MTczOTAwNzI5NCwic2NvcGUiOiJpcCIsImlhdCI6MTczOTAwMzY5NH0.An7W0W4ga99ronlaXUEdbqFxQR_We2L21eELGwN5IS4,Mozilla/5.0,ADB0120250208083454,,,session=admin123; Path=/,,99,"""{\""org_code\"":\""ORG2025001\"",\""account_num\"":\""7366845436\"",\""next\"":\""0\"",\""search_timestamp\"":\""20250208083454\""}""","""{\""code\"":\""1004\"",\""message\"":\""Invalid or missing x-api-type\""}""",400,CookieInjection
http://localhost:4000/api/oauth/2.0/token,POST,,Mozilla/5.0,IA00220250208083459,,,,,579,"""{\""tx_id\"":\""MD_ORG2025002_ORG2025001_RA20250002_CA20250001_20250208083457_XXAB00490000\"",\""org_code\"":\""ORG2025002\"",\""grant_type\"":\""password\"",\""client_id\"":\""ORG2025002-CLIENT-ID\"",\""client_secret\"":\""ORG2025002-CLIENT-SECRET\"",\""ca_code\"":\""RA20250002\"",\""username\"":\""Mjg0MDY2\"",\""request_type\"":\""1\"",\""password_len\"":\""12\"",\""password\"":\""UEFTU1dPUkQ=\"",\""auth_type\"":\""1\"",\""consent_type\"":\""1\"",\""consent_len\"":\""16\"",\""consent\"":\""Y29uc2VudC0wMDE=\"",\""signed_person_info_req_len\"":\""16\"",\""signed_person_info_req\"":\""SXNtYWVsUm93ZQ==\"",\""consent_nonce\"":\""E2025121216817703057\"",\""ucpid_nonce\"":\""E2025401834537250130\"",\""cert_tx_id\"":\""202502080834576deadd78e9bc4dde84a05952b1\"",\""service_id\"":\""ORG2025002080220250001\""}""","""{\""rsp_code\"":\""0000\"",\""rsp_msg\"":\""Success\"",\""tx_id\"":\""MD_ORG2025002_ORG2025001_RA20250002_CA20250001_20250208083457_XXAB00490000\"",\""token_type\"":\""Bearer\"",\""access_token\"":\""eyJhbGciOiJIUzI1NiIsInR5cCI6IkpXVCJ9.eyJhdWQiOiJPUkcyMDI1MDAyLUNMSUVOVC1JRCIsImp0aSI6IjQ1N2QyMGEzLWI3M2MtNGQxZC1hYjc2LTk3MmEzOWNjYzU0OSIsImV4cCI6MTczOTAwNzI5OSwic2NvcGUiOiJpcCIsImlhdCI6MTczOTAwMzY5OX0.ryJh3i-2kh73Q67MtK3zpvPna-qBx_bVmXd3ae_tU50\"",\""expires_in\"":3600,\""refresh_token\"":\""eyJhbGciOiJIUzI1NiIsInR5cCI6IkpXVCJ9.eyJhdWQiOiJPUkcyMDI1MDAyLUNMSUVOVC1JRCIsImp0aSI6Ijc5NGQxYjA2LTJjODYtNDA1YS1iMjgwLWJhZmJjZjE1ZDQ3NiIsImV4cCI6MTczOTA5MDA5OSwic2NvcGUiOiJpcCIsImlhdCI6MTczOTAwMzY5OX0.IXMzF1P5gScXRqtEOBNQLREkDFphfGnSD1GdFN5fi3M\"",\""refresh_token_expires_in\"":86400}""",200,
http://localhost:4000/api/v2/bank/accounts/deposit/detail,POST,Bearer eyJhbGciOiJIUzI1NiIsInR5cCI6IkpXVCJ9.eyJhdWQiOiJPUkcyMDI1MDAyLUNMSUVOVC1JRCIsImp0aSI6IjQ1N2QyMGEzLWI3M2MtNGQxZC1hYjc2LTk3MmEzOWNjYzU0OSIsImV4cCI6MTczOTAwNzI5OSwic2NvcGUiOiJpcCIsImlhdCI6MTczOTAwMzY5OX0.ryJh3i-2kh73Q67MtK3zpvPna-qBx_bVmXd3ae_tU50,Mozilla/5.0,ADD0120250208083459,,,,,99,"""{\""org_code\"":\""ORG2025001\"",\""account_num\"":\""4798965015\"",\""next\"":\""0\"",\""search_timestamp\"":\""20250208083459\""}""","""{\""code\"":\""1004\"",\""message\"":\""Invalid or missing x-api-type\""}""",400,
http://localhost:4000/api/oauth/2.0/token,POST,,Mozilla/5.0,IA00220250208083504,,,,,573,"""{\""tx_id\"":\""MD_ORG2025002_ORG2025001_RA20250001_CA20250001_20250208083502_XXAB00490000\"",\""org_code\"":\""ORG2025002\"",\""grant_type\"":\""password\"",\""client_id\"":\""ORG2025002-CLIENT-ID\"",\""client_secret\"":\""ORG2025002-CLIENT-SECRET\"",\""ca_code\"":\""RA20250001\"",\""username\"":\""MTQwMDY4\"",\""request_type\"":\""1\"",\""password_len\"":\""12\"",\""password\"":\""UEFTU1dPUkQ=\"",\""auth_type\"":\""1\"",\""consent_type\"":\""1\"",\""consent_len\"":\""16\"",\""consent\"":\""Y29uc2VudC0wMDI=\"",\""signed_person_info_req_len\"":\""12\"",\""signed_person_info_req\"":\""TWF0ZW9GYXk=\"",\""consent_nonce\"":\""E2025577926651575940\"",\""ucpid_nonce\"":\""K2025200447144266118\"",\""cert_tx_id\"":\""202502080835021216778634ae4d10a41e93aa64\"",\""service_id\"":\""ORG2025002080220250001\""}""","""{\""rsp_code\"":\""0000\"",\""rsp_msg\"":\""Success\"",\""tx_id\"":\""MD_ORG2025002_ORG2025001_RA20250001_CA20250001_20250208083502_XXAB00490000\"",\""token_type\"":\""Bearer\"",\""access_token\"":\""eyJhbGciOiJIUzI1NiIsInR5cCI6IkpXVCJ9.eyJhdWQiOiJPUkcyMDI1MDAyLUNMSUVOVC1JRCIsImp0aSI6IjBmZDdkODllLWQwYzQtNGJkMS05ODc2LTA4ZTRhODA2ZTdhYyIsImV4cCI6MTczOTAwNzMwNCwic2NvcGUiOiJpcCIsImlhdCI6MTczOTAwMzcwNH0.AiBhgfOpWoZn9pWMfd6zijYe4Ck6ydrlIWSX26_O8VE\"",\""expires_in\"":3600,\""refresh_token\"":\""eyJhbGciOiJIUzI1NiIsInR5cCI6IkpXVCJ9.eyJhdWQiOiJPUkcyMDI1MDAyLUNMSUVOVC1JRCIsImp0aSI6Ijg3ZTJiY2E1LThiNjctNDRhMy05MDM3LWIwZWFhMzM1YWU3ZiIsImV4cCI6MTczOTA5MDEwNCwic2NvcGUiOiJpcCIsImlhdCI6MTczOTAwMzcwNH0.CLF-X-cHIl-niSF9YX-VxFWqJC4vMptcmOsk0xiBz-M\"",\""refresh_token_expires_in\"":86400}""",200,
http://localhost:4000/api/oauth/2.0/token,POST,,Mozilla/5.0,IA00220250208083508,,,,,577,"""{\""tx_id\"":\""MD_ORG2025002_ORG2025001_RA20250001_CA20250001_20250208083506_XXAB00490000\"",\""org_code\"":\""ORG2025002\"",\""grant_type\"":\""password\"",\""client_id\"":\""ORG2025002-CLIENT-ID\"",\""client_secret\"":\""ORG2025002-CLIENT-SECRET\"",\""ca_code\"":\""RA20250001\"",\""username\"":\""OTg4MzM4\"",\""request_type\"":\""1\"",\""password_len\"":\""12\"",\""password\"":\""UEFTU1dPUkQ=\"",\""auth_type\"":\""1\"",\""consent_type\"":\""1\"",\""consent_len\"":\""16\"",\""consent\"":\""Y29uc2VudC0wMDE=\"",\""signed_person_info_req_len\"":\""16\"",\""signed_person_info_req\"":\""U2FtbXlGcmFuZXk=\"",\""consent_nonce\"":\""A2025394693982167863\"",\""ucpid_nonce\"":\""K2025580020479433408\"",\""cert_tx_id\"":\""202502080835068441ed4dbf3c4d98bcbfe9606f\"",\""service_id\"":\""ORG2025002080220250001\""}""","""{\""rsp_code\"":\""0000\"",\""rsp_msg\"":\""Success\"",\""tx_id\"":\""MD_ORG2025002_ORG2025001_RA20250001_CA20250001_20250208083506_XXAB00490000\"",\""token_type\"":\""Bearer\"",\""access_token\"":\""eyJhbGciOiJIUzI1NiIsInR5cCI6IkpXVCJ9.eyJhdWQiOiJPUkcyMDI1MDAyLUNMSUVOVC1JRCIsImp0aSI6IjhhZGU5ZjRkLTc1ZmUtNGJmZS05NGMwLTI4MjdjOGFiNTQyMSIsImV4cCI6MTczOTAwNzMwOCwic2NvcGUiOiJpcCIsImlhdCI6MTczOTAwMzcwOH0._-FxScI1h-TkPXB74Uru98vU_CZc0Chh3y0AywQxrlU\"",\""expires_in\"":3600,\""refresh_token\"":\""eyJhbGciOiJIUzI1NiIsInR5cCI6IkpXVCJ9.eyJhdWQiOiJPUkcyMDI1MDAyLUNMSUVOVC1JRCIsImp0aSI6ImNiMTI3YTZkLWFiNzAtNDIyOS05NWI2LTgyYTNlNTZhMTg2OCIsImV4cCI6MTczOTA5MDEwOCwic2NvcGUiOiJpcCIsImlhdCI6MTczOTAwMzcwOH0.tEzGLWwe0ir502IFjx0Pk4wc_Sx_l-Z0x0VL9kjlMmk\"",\""refresh_token_expires_in\"":86400}""",200,SQLi
http://localhost:4000/api/oauth/2.0/token,POST,,Mozilla/5.0,IA00220250208133444,,,,,577,"""{\""tx_id\"":\""MD_ORG2025002_ORG2025001_RA20250001_CA20250001_20250208133442_XXAB00490000\"",\""org_code\"":\""ORG2025002\"",\""grant_type\"":\""password\"",\""client_id\"":\""ORG2025002-CLIENT-ID\"",\""client_secret\"":\""ORG2025002-CLIENT-SECRET\"",\""ca_code\"":\""RA20250001\"",\""username\"":\""MTk2MjIx\"",\""request_type\"":\""1\"",\""password_len\"":\""12\"",\""password\"":\""UEFTU1dPUkQ=\"",\""auth_type\"":\""1\"",\""consent_type\"":\""1\"",\""consent_len\"":\""16\"",\""consent\"":\""Y29uc2VudC0wMDE=\"",\""signed_person_info_req_len\"":\""16\"",\""signed_person_info_req\"":\""TWlsbGllQm9laG0=\"",\""consent_nonce\"":\""S2025651187792897321\"",\""ucpid_nonce\"":\""I2025771473295833526\"",\""cert_tx_id\"":\""20250208133442338e840603ea46d89e5b7eaca0\"",\""service_id\"":\""ORG2025002080220250001\""}""","""{\""rsp_code\"":\""0000\"",\""rsp_msg\"":\""Success\"",\""tx_id\"":\""MD_ORG2025002_ORG2025001_RA20250001_CA20250001_20250208133442_XXAB00490000\"",\""token_type\"":\""Bearer\"",\""access_token\"":\""eyJhbGciOiJIUzI1NiIsInR5cCI6IkpXVCJ9.eyJhdWQiOiJPUkcyMDI1MDAyLUNMSUVOVC1JRCIsImp0aSI6IjhiNGUxMmQ3LTMxNTEtNDVlYS1hY2UxLTg0M2EyMzcxNGY4MCIsImV4cCI6MTczOTAyNTI4NSwic2NvcGUiOiJpcCIsImlhdCI6MTczOTAyMTY4NX0.n66EdQmdReyldhoMVTlC0NmnA23N2cmSoFBOUCJnhKQ\"",\""expires_in\"":3600,\""refresh_token\"":\""eyJhbGciOiJIUzI1NiIsInR5cCI6IkpXVCJ9.eyJhdWQiOiJPUkcyMDI1MDAyLUNMSUVOVC1JRCIsImp0aSI6IjVmMmQwNzI1LTYyZWEtNGI4MC04MjM0LTdhOGViOGU2MTZmZSIsImV4cCI6MTczOTEwODA4NSwic2NvcGUiOiJpcCIsImlhdCI6MTczOTAyMTY4NX0.hxYWlkYDPWKJHkmeE-_ZakvkADF1JyP-21epseM2xBM\"",\""refresh_token_expires_in\"":86400}""",200,
http://localhost:4000/api/oauth/2.0/token,POST,,Mozilla/5.0,IA00220250208133449,,,,,579,"""{\""tx_id\"":\""MD_ORG2025002_ORG2025001_RA20250002_CA20250001_20250208133447_XXAB00490000\"",\""org_code\"":\""ORG2025002\"",\""grant_type\"":\""password\"",\""client_id\"":\""ORG2025002-CLIENT-ID\"",\""client_secret\"":\""ORG2025002-CLIENT-SECRET\"",\""ca_code\"":\""RA20250002\"",\""username\"":\""ODQ3MTY5\"",\""request_type\"":\""1\"",\""password_len\"":\""12\"",\""password\"":\""UEFTU1dPUkQ=\"",\""auth_type\"":\""1\"",\""consent_type\"":\""1\"",\""consent_len\"":\""16\"",\""consent\"":\""Y29uc2VudC0wMDI=\"",\""signed_person_info_req_len\"":\""20\"",\""signed_person_info_req\"":\""TWF5YmVsbFBhcmlzaWFu\"",\""consent_nonce\"":\""T2025955711848715723\"",\""ucpid_nonce\"":\""A2025710484006466390\"",\""cert_tx_id\"":\""2025020813344721202ac082d14b07bea87d25f2\"",\""service_id\"":\""ORG2025002080220250001\""}""","""{\""rsp_code\"":\""0000\"",\""rsp_msg\"":\""Success\"",\""tx_id\"":\""MD_ORG2025002_ORG2025001_RA20250002_CA20250001_20250208133447_XXAB00490000\"",\""token_type\"":\""Bearer\"",\""access_token\"":\""eyJhbGciOiJIUzI1NiIsInR5cCI6IkpXVCJ9.eyJhdWQiOiJPUkcyMDI1MDAyLUNMSUVOVC1JRCIsImp0aSI6Ijc5MjQ0ZWFmLTYyNGQtNDIwNC1iNTkzLTk3ODhiMGYxMGQ5YyIsImV4cCI6MTczOTAyNTI4OSwic2NvcGUiOiJpcCIsImlhdCI6MTczOTAyMTY4OX0.g8njkuTOyVUZzJB_aX_KHc2XJ-jat2p0DRIkV73V_R8\"",\""expires_in\"":3600,\""refresh_token\"":\""eyJhbGciOiJIUzI1NiIsInR5cCI6IkpXVCJ9.eyJhdWQiOiJPUkcyMDI1MDAyLUNMSUVOVC1JRCIsImp0aSI6IjIxMTdmMTk3LTA3MWQtNDAzZi05MmRlLTZiY2FlYzE1NGY3MyIsImV4cCI6MTczOTEwODA4OSwic2NvcGUiOiJpcCIsImlhdCI6MTczOTAyMTY4OX0.KQYrgsI6TyNqJtSdpt74MEbauldBohhwBUqkfaDRsgE\"",\""refresh_token_expires_in\"":86400}""",200,
http://localhost:4000/api/v2/bank/accounts/deposit/detail,POST,Bearer eyJhbGciOiJIUzI1NiIsInR5cCI6IkpXVCJ9.eyJhdWQiOiJPUkcyMDI1MDAyLUNMSUVOVC1JRCIsImp0aSI6Ijc5MjQ0ZWFmLTYyNGQtNDIwNC1iNTkzLTk3ODhiMGYxMGQ5YyIsImV4cCI6MTczOTAyNTI4OSwic2NvcGUiOiJpcCIsImlhdCI6MTczOTAyMTY4OX0.g8njkuTOyVUZzJB_aX_KHc2XJ-jat2p0DRIkV73V_R8,Mozilla/5.0,ADD0120250208133449,,,,,99,"""{\""org_code\"":\""ORG2025001\"",\""account_num\"":\""2807581283\"",\""next\"":\""0\"",\""search_timestamp\"":\""20250208133449\""}""","""{\""code\"":\""1004\"",\""message\"":\""Invalid or missing x-api-type\""}""",400,
http://localhost:4000/api/oauth/2.0/token,POST,,Mozilla/5.0,IA00220250208133454,,,,isAdmin=true; HttpOnly,579,"""{\""tx_id\"":\""MD_ORG2025002_ORG2025001_RA20250001_CA20250001_20250208133452_XXAB00490000\"",\""org_code\"":\""ORG2025002\"",\""grant_type\"":\""password\"",\""client_id\"":\""ORG2025002-CLIENT-ID\"",\""client_secret\"":\""ORG2025002-CLIENT-SECRET\"",\""ca_code\"":\""RA20250001\"",\""username\"":\""MjA0Mzk0\"",\""request_type\"":\""1\"",\""password_len\"":\""12\"",\""password\"":\""UEFTU1dPUkQ=\"",\""auth_type\"":\""1\"",\""consent_type\"":\""1\"",\""consent_len\"":\""16\"",\""consent\"":\""Y29uc2VudC0wMDM=\"",\""signed_person_info_req_len\"":\""20\"",\""signed_person_info_req\"":\""Sm9zZWZhV2lsZGVybWFu\"",\""consent_nonce\"":\""Z2025829274152670678\"",\""ucpid_nonce\"":\""C2025342200907190492\"",\""cert_tx_id\"":\""2025020813345252a9f4908a6e4c5fb59da1f1d6\"",\""service_id\"":\""ORG2025002080220250001\""}""","""{\""rsp_code\"":\""0000\"",\""rsp_msg\"":\""Success\"",\""tx_id\"":\""MD_ORG2025002_ORG2025001_RA20250001_CA20250001_20250208133452_XXAB00490000\"",\""token_type\"":\""Bearer\"",\""access_token\"":\""eyJhbGciOiJIUzI1NiIsInR5cCI6IkpXVCJ9.eyJhdWQiOiJPUkcyMDI1MDAyLUNMSUVOVC1JRCIsImp0aSI6ImE4YjA4ODJhLWNmODAtNDY1OC1hNjhjLWQ4ZjNhZGMwOGYyYyIsImV4cCI6MTczOTAyNTI5NCwic2NvcGUiOiJpcCIsImlhdCI6MTczOTAyMTY5NH0.dOnS9qhoAA6Y3CDVDPa-XZMk90JRdVCRot3a6fU7u68\"",\""expires_in\"":3600,\""refresh_token\"":\""eyJhbGciOiJIUzI1NiIsInR5cCI6IkpXVCJ9.eyJhdWQiOiJPUkcyMDI1MDAyLUNMSUVOVC1JRCIsImp0aSI6ImE5ZTBjNGE2LTcxNzAtNDhhOS1hZmZjLTQzY2QxZDAyOWI0YSIsImV4cCI6MTczOTEwODA5NCwic2NvcGUiOiJpcCIsImlhdCI6MTczOTAyMTY5NH0.ghMQcxmFQ38GUq40_s2jcoczaN2xLKSiURbp89Uniu4\"",\""refresh_token_expires_in\"":86400}""",200,CookieInjection
http://localhost:4000/api/oauth/2.0/token,POST,,Mozilla/5.0,IA00220250208133458,,,,,579,"""{\""tx_id\"":\""MD_ORG2025002_ORG2025001_RA20250002_CA20250001_20250208133456_XXAB00490000\"",\""org_code\"":\""ORG2025002\"",\""grant_type\"":\""password\"",\""client_id\"":\""ORG2025002-CLIENT-ID\"",\""client_secret\"":\""ORG2025002-CLIENT-SECRET\"",\""ca_code\"":\""RA20250002\"",\""username\"":\""MDEzNTc0\"",\""request_type\"":\""1\"",\""password_len\"":\""12\"",\""password\"":\""UEFTU1dPUkQ=\"",\""auth_type\"":\""1\"",\""consent_type\"":\""1\"",\""consent_len\"":\""16\"",\""consent\"":\""Y29uc2VudC0wMDE=\"",\""signed_person_info_req_len\"":\""16\"",\""signed_person_info_req\"":\""Q2F5bGFCZXJnZQ==\"",\""consent_nonce\"":\""K2025766738435940621\"",\""ucpid_nonce\"":\""V2025356831643758810\"",\""cert_tx_id\"":\""202502081334560139177885a74fef91b6365a8b\"",\""service_id\"":\""ORG2025002080220250001\""}""","""{\""rsp_code\"":\""0000\"",\""rsp_msg\"":\""Success\"",\""tx_id\"":\""MD_ORG2025002_ORG2025001_RA20250002_CA20250001_20250208133456_XXAB00490000\"",\""token_type\"":\""Bearer\"",\""access_token\"":\""eyJhbGciOiJIUzI1NiIsInR5cCI6IkpXVCJ9.eyJhdWQiOiJPUkcyMDI1MDAyLUNMSUVOVC1JRCIsImp0aSI6Ijg0ZmE1YTBmLTFhOTQtNDFiMS1hNTg1LTI1ZTc3NDA5YzkzYyIsImV4cCI6MTczOTAyNTI5OCwic2NvcGUiOiJpcCIsImlhdCI6MTczOTAyMTY5OH0.rXkmfGxq39LtM5lAWcjxq_Z8CDWIJdu7ZlbjZ79n-C0\"",\""expires_in\"":3600,\""refresh_token\"":\""eyJhbGciOiJIUzI1NiIsInR5cCI6IkpXVCJ9.eyJhdWQiOiJPUkcyMDI1MDAyLUNMSUVOVC1JRCIsImp0aSI6Ijk1Y2M2YjEzLTdkYjktNDc0ZS1hYzM3LTk5Njg4NjBmYjc4ZiIsImV4cCI6MTczOTEwODA5OCwic2NvcGUiOiJpcCIsImlhdCI6MTczOTAyMTY5OH0.JT5zgiTRXUitvS8LVv31p5nYYpu2Uobb7KnDGu_cPLk\"",\""refresh_token_expires_in\"":86400}""",200,
http://localhost:4000/api/v2/bank/accounts/deposit/basic,POST,Bearer eyJhbGciOiJIUzI1NiIsInR5cCI6IkpXVCJ9.eyJhdWQiOiJPUkcyMDI1MDAyLUNMSUVOVC1JRCIsImp0aSI6Ijg0ZmE1YTBmLTFhOTQtNDFiMS1hNTg1LTI1ZTc3NDA5YzkzYyIsImV4cCI6MTczOTAyNTI5OCwic2NvcGUiOiJpcCIsImlhdCI6MTczOTAyMTY5OH0.rXkmfGxq39LtM5lAWcjxq_Z8CDWIJdu7ZlbjZ79n-C0,Mozilla/5.0,ADB0120250208133459,,,,,99,"""{\""org_code\"":\""ORG2025001\"",\""account_num\"":\""2264637137\"",\""next\"":\""0\"",\""search_timestamp\"":\""20250208133459\""}""","""{\""code\"":\""1004\"",\""message\"":\""Invalid or missing x-api-type\""}""",400,
http://localhost:4000/api/v2/bank/accounts/deposit/detail,POST,Bearer eyJhbGciOiJIUzI1NiIsInR5cCI6IkpXVCJ9.eyJhdWQiOiJPUkcyMDI1MDAyLUNMSUVOVC1JRCIsImp0aSI6Ijg0ZmE1YTBmLTFhOTQtNDFiMS1hNTg1LTI1ZTc3NDA5YzkzYyIsImV4cCI6MTczOTAyNTI5OCwic2NvcGUiOiJpcCIsImlhdCI6MTczOTAyMTY5OH0.rXkmfGxq39LtM5lAWcjxq_Z8CDWIJdu7ZlbjZ79n-C0,Mozilla/5.0,ADD0120250208133459,,,,,99,"""{\""org_code\"":\""ORG2025001\"",\""account_num\"":\""2264637137\"",\""next\"":\""0\"",\""search_timestamp\"":\""20250208133459\""}""","""{\""code\"":\""1004\"",\""message\"":\""Invalid or missing x-api-type\""}""",400,
http://localhost:4000/api/oauth/2.0/token,POST,,Mozilla/5.0,IA00220250208133504,,,session=admin123; Path=/,,583,"""{\""tx_id\"":\""MD_ORG2025002_ORG2025001_RA20250002_CA20250001_20250208133502_XXAB00490000\"",\""org_code\"":\""ORG2025002\"",\""grant_type\"":\""password\"",\""client_id\"":\""ORG2025002-CLIENT-ID\"",\""client_secret\"":\""ORG2025002-CLIENT-SECRET\"",\""ca_code\"":\""RA20250002\"",\""username\"":\""Mzk2MjIw\"",\""request_type\"":\""1\"",\""password_len\"":\""12\"",\""password\"":\""UEFTU1dPUkQ=\"",\""auth_type\"":\""1\"",\""consent_type\"":\""1\"",\""consent_len\"":\""16\"",\""consent\"":\""Y29uc2VudC0wMDI=\"",\""signed_person_info_req_len\"":\""20\"",\""signed_person_info_req\"":\""Q2hleWVubmVGcmFtaQ==\"",\""consent_nonce\"":\""G2025354265338785114\"",\""ucpid_nonce\"":\""M2025932190596013860\"",\""cert_tx_id\"":\""20250208133502e00163dbfe274497b5701044c7\"",\""service_id\"":\""ORG2025002080220250001\""}""","""{\""rsp_code\"":\""0000\"",\""rsp_msg\"":\""Success\"",\""tx_id\"":\""MD_ORG2025002_ORG2025001_RA20250002_CA20250001_20250208133502_XXAB00490000\"",\""token_type\"":\""Bearer\"",\""access_token\"":\""eyJhbGciOiJIUzI1NiIsInR5cCI6IkpXVCJ9.eyJhdWQiOiJPUkcyMDI1MDAyLUNMSUVOVC1JRCIsImp0aSI6IjQzNzcyYWQyLTJhMWUtNGFhYy04MDhhLThiZTcxMzY0M2Y1NyIsImV4cCI6MTczOTAyNTMwNCwic2NvcGUiOiJpcCIsImlhdCI6MTczOTAyMTcwNH0.e-bgW18cxCrxw0jjx7gOKyFAdyFU1sgGTx5ptqOn87I\"",\""expires_in\"":3600,\""refresh_token\"":\""eyJhbGciOiJIUzI1NiIsInR5cCI6IkpXVCJ9.eyJhdWQiOiJPUkcyMDI1MDAyLUNMSUVOVC1JRCIsImp0aSI6IjlmMTdiNmVmLTQ0ZmUtNGQ3Yi04YjIxLTFkZTZjYWYzODdjNiIsImV4cCI6MTczOTEwODEwNCwic2NvcGUiOiJpcCIsImlhdCI6MTczOTAyMTcwNH0.jqaneEBoSy3kPCemBedEbeWIVUiz_UMmoCKfDkl2ZtE\"",\""refresh_token_expires_in\"":86400}""",200,CookieInjection
